{"count":1,"self":19.0547088,"total":22.4510272,"children":{"AgentResetIfDone":{"count":2666,"self":0.012969099999999999,"total":0.012969099999999999,"children":null},"AgentSendState":{"count":2666,"self":0.010980199999999999,"total":0.0427679,"children":{"CollectObservations":{"count":534,"self":0.031787699999999995,"total":0.031787699999999995,"children":null}}},"DecideAction":{"count":2666,"self":3.2915684,"total":3.2915685,"children":null},"AcademyStep":{"count":2666,"self":0.0019654,"total":0.0019654,"children":null},"AgentAct":{"count":2666,"self":0.046050299999999995,"total":0.046050299999999995,"children":null}}}