{"cameraMode":{"drawMode":0,"name":"Shaded","section":"Shading Mode"},"sceneLighting":true,"audioPlay":false,"sceneViewState":{"showFog":true,"showMaterialUpdate":true,"showSkybox":true,"showFlares":true,"showImageEffects":true,"showParticleSystems":true},"in2DMode":false,"pivot":{"x":-1.0882034301757813,"y":0.7931747436523438,"z":1.0890378952026368},"rotation":{"x":0.31993865966796877,"y":-0.6348657608032227,"z":0.3259409964084625,"w":0.6231751441955566},"size":102.43327331542969,"orthographic":false}