{"cameraMode":{"drawMode":0,"name":"Shaded","section":"Shading Mode"},"sceneLighting":false,"audioPlay":false,"sceneViewState":{"showFog":true,"showMaterialUpdate":true,"showSkybox":true,"showFlares":true,"showImageEffects":true,"showParticleSystems":true},"in2DMode":false,"pivot":{"x":-0.967083215713501,"y":1.295893669128418,"z":6.925264358520508},"rotation":{"x":0.23517347872257234,"y":-0.6300015449523926,"z":0.2086431235074997,"w":0.7101123929023743},"size":20.45755386352539,"orthographic":false}