{"cameraMode":{"drawMode":0,"name":"Shaded","section":"Shading Mode"},"sceneLighting":false,"audioPlay":false,"sceneViewState":{"showFog":true,"showMaterialUpdate":true,"showSkybox":true,"showFlares":true,"showImageEffects":true,"showParticleSystems":true},"in2DMode":false,"pivot":{"x":-202.8828887939453,"y":-6.894054412841797,"z":-2.309844970703125},"rotation":{"x":-0.26775598526000979,"y":0.5863911509513855,"z":-0.2139229029417038,"w":-0.7339544892311096},"size":47.603763580322269,"orthographic":false}